Date,Fed_Funds_Rate,SOFR_Rate,Repo_Rate_Overnight,Prime_Loan_Rate,Treasury_2Y_Yield,Treasury_5Y_Yield,Treasury_10Y_Yield,Mortgage_30Y_Rate,CPI_Headline_YoY,CPI_Core_YoY,Gold_Spot_Price,Dollar_Index,VIX,Credit_Spreads_HY_OAS,Unemployment_Rate,M2_Money_Supply,Initial_Jobless_Claims,Yield_Curve_Spread,Real_Yield_10Y
2024-09-02,5.13,5.34,5.33,8.5,3.88,3.65,3.84,6.35,2.440633031069983,3.3112731929077155,2523.0,122.7811,15.55,3.17,4.1,21275.5,227000.0,-0.040000000000000036,1.3993669689300168
2024-09-03,5.13,5.34,5.33,8.5,3.88,3.65,3.84,6.35,2.440633031069983,3.3112731929077155,2523.0,122.7811,20.72,3.31,4.1,21275.5,227000.0,-0.040000000000000036,1.3993669689300168
2024-09-04,5.13,5.35,5.32,8.5,3.76,3.56,3.77,6.35,2.440633031069983,3.3112731929077155,2526.0,122.5144,21.32,3.35,4.1,21275.5,227000.0,0.010000000000000231,1.329366968930017
2024-09-05,5.13,5.35,5.32,8.5,3.75,3.54,3.73,6.35,2.440633031069983,3.3112731929077155,2543.10009765625,122.4533,19.9,3.29,4.1,21275.5,227000.0,-0.020000000000000018,1.289366968930017
2024-09-06,5.13,5.34,5.32,8.5,3.66,3.5,3.72,6.35,2.440633031069983,3.3112731929077155,2524.60009765625,122.4991,22.38,3.39,4.1,21275.5,227000.0,0.06000000000000005,1.2793669689300171
2024-09-09,5.13,5.34,5.32,8.5,3.68,3.49,3.7,6.35,2.440633031069983,3.3112731929077155,2532.699951171875,122.7156,19.45,3.36,4.1,21275.5,227000.0,0.020000000000000018,1.259366968930017
2024-09-10,5.13,5.33,5.31,8.5,3.59,3.43,3.65,6.35,2.440633031069983,3.3112731929077155,2543.10009765625,123.0071,19.08,3.46,4.1,21275.5,227000.0,0.06000000000000005,1.2093669689300168
2024-09-11,5.13,5.32,5.31,8.5,3.62,3.45,3.65,6.35,2.440633031069983,3.3112731929077155,2542.39990234375,122.7754,17.69,3.44,4.1,21275.5,227000.0,0.029999999999999805,1.2093669689300168
2024-09-12,5.13,5.33,5.31,8.5,3.64,3.47,3.68,6.2,2.440633031069983,3.3112731929077155,2580.60009765625,122.4423,17.07,3.39,4.1,21275.5,227000.0,0.040000000000000036,1.239366968930017
2024-09-13,5.13,5.33,5.32,8.5,3.57,3.43,3.66,6.2,2.440633031069983,3.3112731929077155,2610.699951171875,121.6551,16.56,3.37,4.1,21275.5,227000.0,0.0900000000000003,1.219366968930017
2024-09-16,5.13,5.38,5.33,8.5,3.56,3.41,3.63,6.2,2.440633031069983,3.3112731929077155,2608.89990234375,121.4976,17.14,3.32,4.1,21275.5,223000.0,0.06999999999999984,1.1893669689300168
2024-09-17,5.13,5.38,5.33,8.5,3.59,3.44,3.65,6.2,2.440633031069983,3.3112731929077155,2592.39990234375,121.6031,17.61,3.25,4.1,21275.5,223000.0,0.06000000000000005,1.2093669689300168
2024-09-18,5.13,5.33,5.32,8.5,3.61,3.47,3.7,6.2,2.440633031069983,3.3112731929077155,2598.60009765625,121.5618,18.23,3.21,4.1,21275.5,223000.0,0.0900000000000003,1.259366968930017
2024-09-19,5.13,4.82,4.81,8.0,3.59,3.49,3.73,6.09,2.440633031069983,3.3112731929077155,2614.60009765625,121.3059,16.33,3.1,4.1,21275.5,223000.0,0.14000000000000012,1.289366968930017
2024-09-20,5.13,4.83,4.81,8.0,3.55,3.48,3.73,6.09,2.440633031069983,3.3112731929077155,2646.199951171875,121.4052,16.15,3.15,4.1,21275.5,223000.0,0.18000000000000016,1.289366968930017
2024-09-23,5.13,4.83,4.82,8.0,3.57,3.51,3.75,6.09,2.440633031069983,3.3112731929077155,2652.5,121.4303,15.89,3.15,4.1,21275.5,221000.0,0.18000000000000016,1.309366968930017
2024-09-24,5.13,4.84,4.83,8.0,3.49,3.47,3.74,6.09,2.440633031069983,3.3112731929077155,2677.0,121.1291,15.39,3.21,4.1,21275.5,221000.0,0.25,1.2993669689300171
2024-09-25,5.13,4.84,4.83,8.0,3.53,3.52,3.79,6.09,2.440633031069983,3.3112731929077155,2684.699951171875,121.4447,15.41,3.19,4.1,21275.5,221000.0,0.26000000000000023,1.349366968930017
2024-09-26,5.13,4.83,4.83,8.0,3.6,3.55,3.79,6.08,2.440633031069983,3.3112731929077155,2694.89990234375,121.0785,15.37,3.14,4.1,21275.5,221000.0,0.18999999999999995,1.349366968930017
2024-09-27,5.13,4.84,4.83,8.0,3.55,3.5,3.75,6.08,2.440633031069983,3.3112731929077155,2668.10009765625,121.1111,16.96,3.14,4.1,21275.5,221000.0,0.20000000000000018,1.309366968930017
2024-09-30,5.13,4.96,4.88,8.0,3.66,3.58,3.81,6.08,2.440633031069983,3.3112731929077155,2659.39990234375,121.2864,16.73,3.03,4.1,21275.5,227000.0,0.1499999999999999,1.369366968930017
2024-10-01,4.83,5.05,4.92,8.0,3.61,3.51,3.74,6.08,2.597904904914672,3.332905131993069,2690.300048828125,121.6881,19.26,3.07,4.1,21336.7,227000.0,0.13000000000000034,1.1420950950853284
2024-10-02,4.83,4.92,4.87,8.0,3.63,3.55,3.79,6.08,2.597904904914672,3.332905131993069,2669.699951171875,121.5724,18.9,3.06,4.1,21336.7,227000.0,0.16000000000000014,1.1920950950853282
2024-10-03,4.83,4.85,4.82,8.0,3.7,3.62,3.85,6.12,2.597904904914672,3.332905131993069,2679.199951171875,122.1197,20.49,3.04,4.1,21336.7,227000.0,0.1499999999999999,1.2520950950853282
2024-10-04,4.83,4.83,4.82,8.0,3.93,3.81,3.98,6.12,2.597904904914672,3.332905131993069,2667.800048828125,122.2197,19.21,2.89,4.1,21336.7,227000.0,0.04999999999999982,1.3820950950853281
2024-10-07,4.83,4.83,4.82,8.0,3.99,3.86,4.03,6.12,2.597904904914672,3.332905131993069,2666.0,122.4241,22.64,2.95,4.1,21336.7,258000.0,0.040000000000000036,1.4320950950853284
2024-10-08,4.83,4.84,4.83,8.0,3.98,3.86,4.04,6.12,2.597904904914672,3.332905131993069,2635.39990234375,122.6625,21.42,2.99,4.1,21336.7,258000.0,0.06000000000000005,1.4420950950853282
2024-10-09,4.83,4.83,4.82,8.0,3.99,3.91,4.06,6.12,2.597904904914672,3.332905131993069,2626.0,122.8821,20.86,2.94,4.1,21336.7,258000.0,0.0699999999999994,1.4620950950853278
2024-10-10,4.83,4.82,4.81,8.0,3.98,3.91,4.09,6.32,2.597904904914672,3.332905131993069,2639.300048828125,123.0951,20.93,2.99,4.1,21336.7,258000.0,0.10999999999999988,1.492095095085328
2024-10-11,4.83,4.81,4.81,8.0,3.95,3.88,4.08,6.32,2.597904904914672,3.332905131993069,2676.300048828125,122.9805,20.46,2.98,4.1,21336.7,258000.0,0.1299999999999999,1.4820950950853282
2024-10-14,4.83,4.86,4.83,8.0,3.95,3.86,4.03,6.32,2.597904904914672,3.332905131993069,2665.60009765625,123.5124,19.7,2.97,4.1,21336.7,241000.0,0.08000000000000007,1.4320950950853284
2024-10-15,4.83,4.86,4.83,8.0,3.95,3.86,4.03,6.32,2.597904904914672,3.332905131993069,2678.89990234375,123.5124,20.64,2.93,4.1,21336.7,241000.0,0.08000000000000007,1.4320950950853284
2024-10-16,4.83,4.86,4.84,8.0,3.93,3.84,4.02,6.32,2.597904904914672,3.332905131993069,2691.300048828125,123.9235,19.58,2.9,4.1,21336.7,241000.0,0.08999999999999941,1.4220950950853277
2024-10-17,4.83,4.85,4.84,8.0,3.96,3.9,4.09,6.44,2.597904904914672,3.332905131993069,2707.5,124.1122,19.11,2.89,4.1,21336.7,241000.0,0.1299999999999999,1.492095095085328
2024-10-18,4.83,4.84,4.82,8.0,3.95,3.88,4.08,6.44,2.597904904914672,3.332905131993069,2730.0,123.9185,18.03,2.88,4.1,21336.7,241000.0,0.1299999999999999,1.4820950950853282
2024-10-21,4.83,4.82,4.81,8.0,4.02,3.98,4.19,6.44,2.597904904914672,3.332905131993069,2738.89990234375,124.4757,18.37,2.88,4.1,21336.7,227000.0,0.17000000000000082,1.5920950950853285
2024-10-22,4.83,4.83,4.82,8.0,4.03,4.0,4.2,6.44,2.597904904914672,3.332905131993069,2759.800048828125,124.4107,18.2,2.92,4.1,21336.7,227000.0,0.16999999999999993,1.6020950950853283
2024-10-23,4.83,4.83,4.82,8.0,4.07,4.05,4.24,6.44,2.597904904914672,3.332905131993069,2729.39990234375,124.6931,19.24,2.95,4.1,21336.7,227000.0,0.16999999999999993,1.6420950950853284
2024-10-24,4.83,4.83,4.83,8.0,4.07,4.03,4.21,6.54,2.597904904914672,3.332905131993069,2748.89990234375,124.5127,19.08,2.93,4.1,21336.7,227000.0,0.13999999999999968,1.6120950950853281
2024-10-25,4.83,4.83,4.82,8.0,4.11,4.07,4.25,6.54,2.597904904914672,3.332905131993069,2754.60009765625,124.6105,20.33,2.89,4.1,21336.7,227000.0,0.13999999999999968,1.6520950950853281
2024-10-28,4.83,4.82,4.81,8.0,4.12,4.11,4.28,6.54,2.597904904914672,3.332905131993069,2755.89990234375,124.8076,19.8,2.82,4.1,21336.7,219000.0,0.16000000000000014,1.6820950950853284
2024-10-29,4.83,4.82,4.81,8.0,4.11,4.11,4.28,6.54,2.597904904914672,3.332905131993069,2781.10009765625,124.8612,19.34,2.85,4.1,21336.7,219000.0,0.16999999999999993,1.6820950950853284
2024-10-30,4.83,4.81,4.81,8.0,4.15,4.14,4.29,6.54,2.597904904914672,3.332905131993069,2800.800048828125,124.8153,20.35,2.8,4.1,21336.7,219000.0,0.13999999999999968,1.6920950950853282
2024-10-31,4.83,4.9,4.85,8.0,4.16,4.15,4.28,6.72,2.597904904914672,3.332905131993069,2749.300048828125,124.7988,23.16,2.88,4.1,21336.7,219000.0,0.1200000000000001,1.6820950950853284
2024-11-01,4.64,4.86,4.84,8.0,4.21,4.22,4.37,6.72,2.7493803960905616,3.318613890618294,2749.199951171875,124.8076,21.88,2.83,4.2,21454.8,219000.0,0.16000000000000014,1.6206196039094385
2024-11-04,4.64,4.82,4.82,8.0,4.17,4.17,4.31,6.72,2.7493803960905616,3.318613890618294,2746.199951171875,124.5903,21.98,2.87,4.2,21454.8,221000.0,0.13999999999999968,1.560619603909438
2024-11-05,4.64,4.82,4.81,8.0,4.19,4.16,4.26,6.72,2.7493803960905616,3.318613890618294,2749.699951171875,124.5532,20.49,2.86,4.2,21454.8,221000.0,0.0699999999999994,1.5106196039094382
2024-11-06,4.64,4.81,4.81,8.0,4.27,4.27,4.42,6.72,2.7493803960905616,3.318613890618294,2676.300048828125,125.7035,16.27,2.74,4.2,21454.8,221000.0,0.15000000000000036,1.6706196039094383
2024-11-07,4.64,4.82,4.82,8.0,4.21,4.17,4.31,6.79,2.7493803960905616,3.318613890618294,2705.800048828125,124.775,15.2,2.73,4.2,21454.8,221000.0,0.09999999999999964,1.560619603909438
2024-11-08,4.64,4.6,4.57,7.75,4.26,4.2,4.3,6.79,2.7493803960905616,3.318613890618294,2694.800048828125,125.5811,14.94,2.63,4.2,21454.8,221000.0,0.040000000000000036,1.5506196039094382
2024-11-11,4.64,4.6,4.58,7.75,4.34,4.32,4.43,6.79,2.7493803960905616,3.318613890618294,2617.699951171875,126.7762,14.97,2.63,4.2,21454.8,218000.0,0.08999999999999986,1.680619603909438
2024-11-12,4.64,4.6,4.58,7.75,4.34,4.32,4.43,6.79,2.7493803960905616,3.318613890618294,2606.300048828125,126.7762,14.71,2.61,4.2,21454.8,218000.0,0.08999999999999986,1.680619603909438
2024-11-13,4.64,4.59,4.58,7.75,4.27,4.3,4.44,6.79,2.7493803960905616,3.318613890618294,2586.5,126.9572,14.02,2.64,4.2,21454.8,218000.0,0.17000000000000082,1.6906196039094388
2024-11-14,4.64,4.58,4.57,7.75,4.34,4.32,4.43,6.78,2.7493803960905616,3.318613890618294,2572.89990234375,127.0015,14.31,2.6,4.2,21454.8,218000.0,0.08999999999999986,1.680619603909438
2024-11-15,4.64,4.57,4.56,7.75,4.31,4.3,4.43,6.78,2.7493803960905616,3.318613890618294,2570.10009765625,126.8848,16.14,2.72,4.2,21454.8,218000.0,0.1200000000000001,1.680619603909438
2024-11-18,4.64,4.57,4.56,7.75,4.29,4.28,4.42,6.78,2.7493803960905616,3.318613890618294,2614.60009765625,126.6045,15.58,2.72,4.2,21454.8,216000.0,0.1299999999999999,1.6706196039094383
2024-11-19,4.64,4.57,4.56,7.75,4.27,4.25,4.39,6.78,2.7493803960905616,3.318613890618294,2631.0,126.3994,16.35,2.69,4.2,21454.8,216000.0,0.1200000000000001,1.640619603909438
2024-11-20,4.64,4.56,4.56,7.75,4.31,4.28,4.41,6.78,2.7493803960905616,3.318613890618294,2651.699951171875,126.88,17.16,2.67,4.2,21454.8,216000.0,0.10000000000000053,1.6606196039094385
2024-11-21,4.64,4.57,4.56,7.75,4.34,4.3,4.43,6.84,2.7493803960905616,3.318613890618294,2674.89990234375,127.1047,16.87,2.61,4.2,21454.8,216000.0,0.08999999999999986,1.680619603909438
2024-11-22,4.64,4.57,4.56,7.75,4.37,4.3,4.41,6.84,2.7493803960905616,3.318613890618294,2712.199951171875,127.4712,15.24,2.61,4.2,21454.8,216000.0,0.040000000000000036,1.6606196039094385
2024-11-25,4.64,4.58,4.57,7.75,4.21,4.17,4.27,6.84,2.7493803960905616,3.318613890618294,2618.5,126.9948,14.6,2.64,4.2,21454.8,219000.0,0.05999999999999961,1.520619603909438
2024-11-26,4.64,4.58,4.57,7.75,4.21,4.17,4.3,6.84,2.7493803960905616,3.318613890618294,2621.300048828125,127.4301,14.1,2.68,4.2,21454.8,219000.0,0.08999999999999986,1.5506196039094382
2024-11-27,4.64,4.57,4.56,7.75,4.19,4.11,4.25,6.81,2.7493803960905616,3.318613890618294,2639.89990234375,126.8205,14.1,2.69,4.2,21454.8,219000.0,0.05999999999999961,1.5006196039094384
2024-11-28,4.64,4.59,4.58,7.75,4.13,4.05,4.18,6.81,2.7493803960905616,3.318613890618294,2639.89990234375,126.5798,13.9,2.69,4.2,21454.8,219000.0,0.04999999999999982,1.430619603909438
2024-11-29,4.64,4.59,4.58,7.75,4.13,4.05,4.18,6.81,2.7493803960905616,3.318613890618294,2657.0,126.5798,13.51,2.72,4.2,21454.8,219000.0,0.04999999999999982,1.430619603909438
2024-12-02,4.48,4.64,4.6,7.75,4.17,4.08,4.19,6.81,2.888057219980067,3.2381447033891675,2658.5,127.1272,13.34,2.68,4.1,21487.6,222000.0,0.020000000000000462,1.3019427800199335
2024-12-03,4.48,4.64,4.6,7.75,4.17,4.11,4.23,6.81,2.888057219980067,3.2381447033891675,2667.89990234375,126.9565,13.3,2.66,4.1,21487.6,222000.0,0.0600000000000005,1.3419427800199335
2024-12-04,4.48,4.59,4.58,7.75,4.13,4.07,4.19,6.81,2.888057219980067,3.2381447033891675,2676.199951171875,126.7574,13.45,2.66,4.1,21487.6,222000.0,0.0600000000000005,1.3019427800199335
2024-12-05,4.48,4.59,4.57,7.75,4.15,4.07,4.17,6.69,2.888057219980067,3.2381447033891675,2648.39990234375,126.4286,13.54,2.66,4.1,21487.6,222000.0,0.019999999999999574,1.281942780019933
2024-12-06,4.48,4.6,4.58,7.75,4.1,4.03,4.15,6.69,2.888057219980067,3.2381447033891675,2659.60009765625,126.688,12.77,2.67,4.1,21487.6,222000.0,0.05000000000000071,1.2619427800199334
2024-12-09,4.48,4.63,4.6,7.75,4.13,4.07,4.2,6.69,2.888057219980067,3.2381447033891675,2685.800048828125,126.5981,14.19,2.67,4.1,21487.6,238000.0,0.07000000000000028,1.3119427800199333
2024-12-10,4.48,4.64,4.61,7.75,4.15,4.09,4.22,6.69,2.888057219980067,3.2381447033891675,2718.39990234375,126.957,14.18,2.67,4.1,21487.6,238000.0,0.0699999999999994,1.3319427800199328
2024-12-11,4.48,4.62,4.6,7.75,4.15,4.13,4.26,6.69,2.888057219980067,3.2381447033891675,2756.699951171875,126.8483,13.58,2.64,4.1,21487.6,238000.0,0.10999999999999943,1.3719427800199329
2024-12-12,4.48,4.62,4.6,7.75,4.18,4.18,4.32,6.6,2.888057219980067,3.2381447033891675,2709.39990234375,126.9556,13.92,2.66,4.1,21487.6,238000.0,0.14000000000000057,1.4319427800199334
2024-12-13,4.48,4.6,4.59,7.75,4.25,4.25,4.4,6.6,2.888057219980067,3.2381447033891675,2675.800048828125,127.3096,13.81,2.68,4.1,21487.6,238000.0,0.15000000000000036,1.5119427800199334
2024-12-16,4.48,4.65,4.61,7.75,4.25,4.25,4.39,6.6,2.888057219980067,3.2381447033891675,2670.0,127.2687,14.69,2.69,4.1,21487.6,222000.0,0.13999999999999968,1.5019427800199328
2024-12-17,4.48,4.62,4.59,7.75,4.25,4.26,4.4,6.6,2.888057219980067,3.2381447033891675,2662.0,127.5043,15.87,2.75,4.1,21487.6,222000.0,0.15000000000000036,1.5119427800199334
2024-12-18,4.48,4.57,4.56,7.75,4.35,4.4,4.5,6.6,2.888057219980067,3.2381447033891675,2653.300048828125,127.6418,27.62,2.73,4.1,21487.6,222000.0,0.15000000000000036,1.611942780019933
2024-12-19,4.48,4.3,4.26,7.5,4.32,4.43,4.57,6.72,2.888057219980067,3.2381447033891675,2608.10009765625,128.6366,24.09,2.91,4.1,21487.6,222000.0,0.25,1.6819427800199334
2024-12-20,4.48,4.3,4.28,7.5,4.3,4.37,4.52,6.72,2.888057219980067,3.2381447033891675,2645.10009765625,127.893,18.36,2.86,4.1,21487.6,222000.0,0.21999999999999975,1.6319427800199326
2024-12-23,4.48,4.31,4.29,7.5,4.3,4.44,4.59,6.72,2.888057219980067,3.2381447033891675,2628.199951171875,128.3021,16.78,2.85,4.1,21487.6,219000.0,0.29000000000000004,1.701942780019933
2024-12-24,4.48,4.4,4.39,7.5,4.29,4.43,4.59,6.72,2.888057219980067,3.2381447033891675,2635.5,128.3377,14.27,2.86,4.1,21487.6,219000.0,0.2999999999999998,1.701942780019933
2024-12-25,4.48,4.53,4.5,7.5,4.3,4.42,4.58,6.72,2.888057219980067,3.2381447033891675,2635.5,128.3329,14.73,2.86,4.1,21487.6,219000.0,0.28000000000000025,1.6919427800199331
2024-12-26,4.48,4.53,4.5,7.5,4.3,4.42,4.58,6.85,2.888057219980067,3.2381447033891675,2653.89990234375,128.3329,14.73,2.86,4.1,21487.6,219000.0,0.28000000000000025,1.6919427800199331
2024-12-27,4.48,4.46,4.45,7.5,4.31,4.45,4.62,6.85,2.888057219980067,3.2381447033891675,2631.89990234375,128.45,15.95,2.84,4.1,21487.6,219000.0,0.3100000000000005,1.7319427800199332
2024-12-30,4.48,4.37,4.35,7.5,4.24,4.37,4.55,6.85,2.888057219980067,3.2381447033891675,2618.10009765625,128.8205,17.4,2.94,4.1,21487.6,212000.0,0.3099999999999996,1.661942780019933
2024-12-31,4.48,4.49,4.45,7.5,4.25,4.38,4.58,6.85,2.888057219980067,3.2381447033891675,2641.0,129.2775,17.35,2.92,4.1,21487.6,212000.0,0.33000000000000007,1.6919427800199331
2025-01-01,4.33,4.4,4.36,7.5,4.25,4.38,4.57,6.85,3.0004831121501097,3.2583707189842492,2641.0,129.4598,17.93,2.88,4.0,21539.3,212000.0,0.3200000000000003,1.5695168878498906
2025-01-02,4.33,4.4,4.36,7.5,4.25,4.38,4.57,6.91,3.0004831121501097,3.2583707189842492,2669.0,129.4598,17.93,2.88,4.0,21539.3,212000.0,0.3200000000000003,1.5695168878498906
2025-01-03,4.33,4.31,4.29,7.5,4.28,4.41,4.6,6.91,3.0004831121501097,3.2583707189842492,2654.699951171875,129.4535,16.13,2.81,4.0,21539.3,212000.0,0.3199999999999994,1.59951688784989
2025-01-06,4.33,4.27,4.26,7.5,4.28,4.42,4.62,6.91,3.0004831121501097,3.2583707189842492,2647.39990234375,128.538,16.04,2.76,4.0,21539.3,206000.0,0.33999999999999986,1.6195168878498905
2025-01-07,4.33,4.27,4.26,7.5,4.3,4.46,4.67,6.91,3.0004831121501097,3.2583707189842492,2665.39990234375,128.613,17.82,2.79,4.0,21539.3,206000.0,0.3700000000000001,1.6695168878498903
2025-01-08,4.33,4.29,4.27,7.5,4.28,4.45,4.67,6.91,3.0004831121501097,3.2583707189842492,2672.39990234375,129.0785,17.7,2.84,4.0,21539.3,206000.0,0.3899999999999997,1.6695168878498903
2025-01-09,4.33,4.3,4.28,7.5,4.27,4.46,4.68,6.93,3.0004831121501097,3.2583707189842492,2690.800048828125,129.2827,18.07,2.82,4.0,21539.3,206000.0,0.41000000000000014,1.67951688784989
2025-01-10,4.33,4.3,4.29,7.5,4.4,4.59,4.77,6.93,3.0004831121501097,3.2583707189842492,2715.0,129.8664,19.54,2.81,4.0,21539.3,206000.0,0.3699999999999992,1.76951688784989
2025-01-13,4.33,4.29,4.28,7.5,4.4,4.61,4.79,6.93,3.0004831121501097,3.2583707189842492,2678.60009765625,130.0413,19.19,2.85,4.0,21539.3,219000.0,0.3899999999999997,1.7895168878498904
2025-01-14,4.33,4.28,4.27,7.5,4.37,4.59,4.78,6.93,3.0004831121501097,3.2583707189842492,2682.300048828125,129.3812,18.71,2.8,4.0,21539.3,219000.0,0.41000000000000014,1.7795168878498906
2025-01-15,4.33,4.28,4.26,7.5,4.27,4.45,4.66,6.93,3.0004831121501097,3.2583707189842492,2717.800048828125,129.2092,16.12,2.72,4.0,21539.3,219000.0,0.39000000000000057,1.6595168878498905
2025-01-16,4.33,4.29,4.27,7.5,4.23,4.39,4.61,7.04,3.0004831121501097,3.2583707189842492,2750.89990234375,129.436,16.6,2.73,4.0,21539.3,219000.0,0.3799999999999999,1.6095168878498907
2025-01-17,4.33,4.29,4.27,7.5,4.27,4.42,4.61,7.04,3.0004831121501097,3.2583707189842492,2748.699951171875,129.4859,15.97,2.64,4.0,21539.3,219000.0,0.34000000000000075,1.6095168878498907
2025-01-20,4.33,4.29,4.27,7.5,4.29,4.4,4.57,7.04,3.0004831121501097,3.2583707189842492,2748.699951171875,128.4151,15.81,2.64,4.0,21539.3,223000.0,0.28000000000000025,1.5695168878498906
2025-01-21,4.33,4.29,4.27,7.5,4.29,4.4,4.57,7.04,3.0004831121501097,3.2583707189842492,2759.199951171875,128.4151,15.06,2.61,4.0,21539.3,223000.0,0.28000000000000025,1.5695168878498906
2025-01-22,4.33,4.3,4.28,7.5,4.29,4.43,4.6,7.04,3.0004831121501097,3.2583707189842492,2770.89990234375,128.3402,15.1,2.59,4.0,21539.3,223000.0,0.3099999999999996,1.59951688784989
2025-01-23,4.33,4.35,4.34,7.5,4.29,4.45,4.65,6.96,3.0004831121501097,3.2583707189842492,2765.0,128.2162,15.02,2.61,4.0,21539.3,223000.0,0.3600000000000003,1.6495168878498907
2025-01-24,4.33,4.34,4.33,7.5,4.27,4.43,4.63,6.96,3.0004831121501097,3.2583707189842492,2778.89990234375,127.4611,14.85,2.6,4.0,21539.3,223000.0,0.3600000000000003,1.6295168878498902
2025-01-27,4.33,4.34,4.32,7.5,4.17,4.32,4.53,6.96,3.0004831121501097,3.2583707189842492,2738.39990234375,128.0912,17.9,2.66,4.0,21539.3,212000.0,0.3600000000000003,1.5295168878498906
2025-01-28,4.33,4.35,4.34,7.5,4.19,4.33,4.55,6.96,3.0004831121501097,3.2583707189842492,2767.5,128.2817,16.41,2.66,4.0,21539.3,212000.0,0.35999999999999943,1.5495168878498902
2025-01-29,4.33,4.35,4.33,7.5,4.21,4.35,4.55,6.96,3.0004831121501097,3.2583707189842492,2769.800048828125,128.3418,16.56,2.68,4.0,21539.3,212000.0,0.33999999999999986,1.5495168878498902
2025-01-30,4.33,4.36,4.34,7.5,4.18,4.31,4.52,6.95,3.0004831121501097,3.2583707189842492,2823.0,128.1004,15.84,2.67,4.0,21539.3,212000.0,0.33999999999999986,1.51951688784989
2025-01-31,4.33,4.38,4.34,7.5,4.22,4.36,4.58,6.95,3.0004831121501097,3.2583707189842492,2812.5,128.4828,16.43,2.68,4.0,21539.3,212000.0,0.3600000000000003,1.5795168878498904
2025-02-03,4.33,4.35,4.33,7.5,4.26,4.35,4.54,6.95,2.82154895174751,3.117440610743172,2857.10009765625,129.109,18.62,2.73,4.2,21607.3,220000.0,0.28000000000000025,1.71845104825249
2025-02-04,4.33,4.33,4.31,7.5,4.21,4.31,4.52,6.95,2.82154895174751,3.117440610743172,2875.800048828125,128.1083,17.21,2.71,4.2,21607.3,220000.0,0.3099999999999996,1.6984510482524895
2025-02-05,4.33,4.33,4.31,7.5,4.17,4.24,4.43,6.95,2.82154895174751,3.117440610743172,2893.0,127.9751,15.77,2.69,4.2,21607.3,220000.0,0.2599999999999998,1.6084510482524896
2025-02-06,4.33,4.36,4.34,7.5,4.21,4.28,4.45,6.89,2.82154895174751,3.117440610743172,2876.699951171875,128.2017,15.5,2.66,4.2,21607.3,220000.0,0.2400000000000002,1.62845104825249
2025-02-07,4.33,4.35,4.34,7.5,4.29,4.34,4.49,6.89,2.82154895174751,3.117440610743172,2887.60009765625,128.4292,16.54,2.67,4.2,21607.3,220000.0,0.20000000000000018,1.6684510482524901
2025-02-10,4.33,4.35,4.33,7.5,4.28,4.34,4.51,6.89,2.82154895174751,3.117440610743172,2934.39990234375,128.6382,15.81,2.66,4.2,21607.3,216000.0,0.22999999999999954,1.6884510482524897
2025-02-11,4.33,4.34,4.32,7.5,4.29,4.37,4.54,6.89,2.82154895174751,3.117440610743172,2932.60009765625,128.4322,16.02,2.66,4.2,21607.3,216000.0,0.25,1.71845104825249
2025-02-12,4.33,4.32,4.31,7.5,4.36,4.48,4.62,6.89,2.82154895174751,3.117440610743172,2928.699951171875,128.3288,15.89,2.65,4.2,21607.3,216000.0,0.2599999999999998,1.79845104825249
2025-02-13,4.33,4.33,4.32,7.5,4.31,4.39,4.52,6.87,2.82154895174751,3.117440610743172,2945.39990234375,127.8931,15.1,2.65,4.2,21607.3,216000.0,0.20999999999999996,1.6984510482524895
2025-02-14,4.33,4.33,4.31,7.5,4.26,4.33,4.47,6.87,2.82154895174751,3.117440610743172,2900.699951171875,127.1491,14.77,2.62,4.2,21607.3,216000.0,0.20999999999999996,1.6484510482524897
2025-02-17,4.33,4.37,4.34,7.5,4.29,4.4,4.55,6.87,2.82154895174751,3.117440610743172,2900.699951171875,127.2906,15.37,2.62,4.2,21607.3,223000.0,0.2599999999999998,1.7284510482524897
2025-02-18,4.33,4.37,4.34,7.5,4.29,4.4,4.55,6.87,2.82154895174751,3.117440610743172,2949.0,127.2906,15.35,2.62,4.2,21607.3,223000.0,0.2599999999999998,1.7284510482524897
2025-02-19,4.33,4.35,4.33,7.5,4.28,4.37,4.53,6.87,2.82154895174751,3.117440610743172,2936.10009765625,127.7317,15.27,2.68,4.2,21607.3,223000.0,0.25,1.7084510482524902
2025-02-20,4.33,4.33,4.31,7.5,4.28,4.34,4.5,6.85,2.82154895174751,3.117440610743172,2956.10009765625,127.1126,15.66,2.66,4.2,21607.3,223000.0,0.21999999999999975,1.67845104825249
2025-02-21,4.33,4.34,4.32,7.5,4.19,4.26,4.42,6.85,2.82154895174751,3.117440610743172,2953.199951171875,127.1408,18.21,2.78,4.2,21607.3,223000.0,0.22999999999999954,1.5984510482524898
2025-02-24,4.33,4.34,4.32,7.5,4.13,4.23,4.4,6.85,2.82154895174751,3.117440610743172,2963.199951171875,127.1921,18.98,2.78,4.2,21607.3,241000.0,0.27000000000000046,1.5784510482524903
2025-02-25,4.33,4.33,4.31,7.5,4.07,4.12,4.3,6.85,2.82154895174751,3.117440610743172,2918.800048828125,127.3752,19.43,2.84,4.2,21607.3,241000.0,0.22999999999999954,1.4784510482524897
2025-02-26,4.33,4.33,4.31,7.5,4.05,4.06,4.25,6.85,2.82154895174751,3.117440610743172,2930.60009765625,127.2822,19.1,2.81,4.2,21607.3,241000.0,0.20000000000000018,1.42845104825249
2025-02-27,4.33,4.36,4.34,7.5,4.07,4.09,4.29,6.76,2.82154895174751,3.117440610743172,2895.89990234375,127.9704,21.13,2.81,4.2,21607.3,241000.0,0.21999999999999975,1.46845104825249
2025-02-28,4.33,4.39,4.36,7.5,3.99,4.03,4.24,6.76,2.82154895174751,3.117440610743172,2848.5,128.2805,19.63,2.87,4.2,21607.3,241000.0,0.25,1.4184510482524901
2025-03-03,4.33,4.33,4.31,7.5,3.96,3.97,4.16,6.76,2.3907252538964974,2.7894464628115845,2901.10009765625,127.75,22.78,2.94,4.2,21684.1,224000.0,0.20000000000000018,1.7692747461035028
2025-03-04,4.33,4.33,4.32,7.5,3.96,4.01,4.22,6.76,2.3907252538964974,2.7894464628115845,2920.60009765625,127.9966,23.51,2.99,4.2,21684.1,224000.0,0.2599999999999998,1.8292747461035024
2025-03-05,4.33,4.34,4.33,7.5,3.99,4.08,4.28,6.76,2.3907252538964974,2.7894464628115845,2926.0,126.504,21.93,2.88,4.2,21684.1,224000.0,0.29000000000000004,1.8892747461035029
2025-03-06,4.33,4.35,4.34,7.5,3.96,4.06,4.29,6.63,2.3907252538964974,2.7894464628115845,2926.60009765625,126.1099,24.87,2.99,4.2,21684.1,224000.0,0.33000000000000007,1.8992747461035027
2025-03-07,4.33,4.34,4.33,7.5,3.99,4.09,4.32,6.63,2.3907252538964974,2.7894464628115845,2914.10009765625,125.9814,23.37,2.97,4.2,21684.1,224000.0,0.33000000000000007,1.929274746103503
2025-03-10,4.33,4.33,4.32,7.5,3.89,3.98,4.22,6.63,2.3907252538964974,2.7894464628115845,2899.39990234375,126.268,27.86,3.16,4.2,21684.1,222000.0,0.3299999999999996,1.8292747461035024
2025-03-11,4.33,4.32,4.31,7.5,3.94,4.03,4.28,6.63,2.3907252538964974,2.7894464628115845,2920.89990234375,126.0457,26.92,3.22,4.2,21684.1,222000.0,0.3400000000000003,1.8892747461035029
2025-03-12,4.33,4.31,4.3,7.5,4.01,4.09,4.32,6.63,2.3907252538964974,2.7894464628115845,2946.800048828125,125.8664,24.23,3.2,4.2,21684.1,222000.0,0.3100000000000005,1.929274746103503
2025-03-13,4.33,4.3,4.29,7.5,3.94,4.02,4.27,6.65,2.3907252538964974,2.7894464628115845,2991.300048828125,126.0031,24.66,3.4,4.2,21684.1,222000.0,0.3299999999999996,1.8792747461035022
2025-03-14,4.33,4.3,4.29,7.5,4.02,4.09,4.31,6.65,2.3907252538964974,2.7894464628115845,3001.10009765625,125.6942,21.77,3.25,4.2,21684.1,222000.0,0.29000000000000004,1.9192747461035022
2025-03-17,4.33,4.32,4.31,7.5,4.06,4.11,4.31,6.65,2.3907252538964974,2.7894464628115845,3006.10009765625,125.3688,20.51,3.18,4.2,21684.1,225000.0,0.25,1.9192747461035022
2025-03-18,4.33,4.31,4.3,7.5,4.04,4.07,4.29,6.65,2.3907252538964974,2.7894464628115845,3040.800048828125,125.488,21.7,3.23,4.2,21684.1,225000.0,0.25,1.8992747461035027
2025-03-19,4.33,4.29,4.28,7.5,3.99,4.03,4.25,6.65,2.3907252538964974,2.7894464628115845,3041.199951171875,125.8006,19.9,3.19,4.2,21684.1,225000.0,0.2599999999999998,1.8592747461035026
2025-03-20,4.33,4.29,4.28,7.5,3.95,4.01,4.24,6.67,2.3907252538964974,2.7894464628115845,3043.800048828125,125.985,19.8,3.17,4.2,21684.1,225000.0,0.29000000000000004,1.8492747461035028
2025-03-21,4.33,4.3,4.29,7.5,3.94,4.0,4.25,6.67,2.3907252538964974,2.7894464628115845,3021.39990234375,126.2679,19.28,3.21,4.2,21684.1,225000.0,0.31000000000000005,1.8592747461035026
2025-03-24,4.33,4.31,4.3,7.5,4.04,4.09,4.34,6.67,2.3907252538964974,2.7894464628115845,3015.60009765625,126.1956,17.48,3.05,4.2,21684.1,224000.0,0.2999999999999998,1.9492747461035025
2025-03-25,4.33,4.33,4.31,7.5,3.96,4.07,4.31,6.67,2.3907252538964974,2.7894464628115845,3025.89990234375,126.0535,17.15,3.09,4.2,21684.1,224000.0,0.34999999999999964,1.9192747461035022
2025-03-26,4.33,4.35,4.34,7.5,3.98,4.08,4.35,6.67,2.3907252538964974,2.7894464628115845,3022.5,126.2364,18.33,3.19,4.2,21684.1,224000.0,0.36999999999999966,1.9592747461035023
2025-03-27,4.33,4.36,4.34,7.5,3.97,4.09,4.38,6.65,2.3907252538964974,2.7894464628115845,3061.0,126.3626,18.69,3.27,4.2,21684.1,224000.0,0.4099999999999997,1.9892747461035025
2025-03-28,4.33,4.34,4.33,7.5,3.89,3.98,4.27,6.65,2.3907252538964974,2.7894464628115845,3086.5,126.4187,21.65,3.47,4.2,21684.1,224000.0,0.37999999999999945,1.8792747461035022
2025-03-31,4.33,4.41,4.36,7.5,3.89,3.96,4.23,6.65,2.3907252538964974,2.7894464628115845,3122.800048828125,126.7075,22.28,3.55,4.2,21684.1,220000.0,0.3400000000000003,1.839274746103503
2025-04-01,4.33,4.39,4.35,7.5,3.87,3.91,4.17,6.65,2.3112888616734883,2.779123083986934,3146.0,126.4338,21.77,3.5,4.2,21770.8,220000.0,0.2999999999999998,1.8587111383265116
2025-04-02,4.33,4.37,4.34,7.5,3.91,3.95,4.2,6.65,2.3112888616734883,2.779123083986934,3166.199951171875,126.3811,21.51,3.42,4.2,21770.8,220000.0,0.29000000000000004,1.8887111383265118
2025-04-03,4.33,4.39,4.36,7.5,3.71,3.75,4.06,6.64,2.3112888616734883,2.779123083986934,3121.699951171875,124.7316,30.02,4.01,4.2,21770.8,220000.0,0.34999999999999964,1.7487111383265113
2025-04-04,4.33,4.35,4.33,7.5,3.68,3.72,4.01,6.64,2.3112888616734883,2.779123083986934,3035.39990234375,125.8129,45.31,4.45,4.2,21770.8,220000.0,0.3299999999999996,1.6987111383265114
2025-04-07,4.33,4.33,4.31,7.5,3.73,3.82,4.15,6.64,2.3112888616734883,2.779123083986934,2973.60009765625,126.8282,46.98,4.61,4.2,21770.8,223000.0,0.4200000000000004,1.838711138326512
2025-04-08,4.33,4.4,4.37,7.5,3.71,3.88,4.26,6.64,2.3112888616734883,2.779123083986934,2990.199951171875,126.8668,52.33,4.57,4.2,21770.8,223000.0,0.5499999999999998,1.9487111383265114
2025-04-09,4.33,4.42,4.4,7.5,3.91,4.06,4.34,6.64,2.3112888616734883,2.779123083986934,3079.39990234375,126.628,33.62,4.37,4.2,21770.8,223000.0,0.4299999999999997,2.0287111383265115
2025-04-10,4.33,4.37,4.36,7.5,3.84,4.04,4.4,6.62,2.3112888616734883,2.779123083986934,3177.5,125.089,40.72,4.42,4.2,21770.8,223000.0,0.5600000000000005,2.088711138326512
2025-04-11,4.33,4.33,4.32,7.5,3.96,4.15,4.48,6.62,2.3112888616734883,2.779123083986934,3244.60009765625,124.0163,37.56,4.26,4.2,21770.8,223000.0,0.5200000000000005,2.168711138326512
2025-04-14,4.33,4.33,4.33,7.5,3.84,4.02,4.38,6.62,2.3112888616734883,2.779123083986934,3226.300048828125,123.6598,30.89,4.14,4.2,21770.8,217000.0,0.54,2.0687111383265115
2025-04-15,4.33,4.36,4.35,7.5,3.84,3.98,4.35,6.62,2.3112888616734883,2.779123083986934,3240.39990234375,123.776,30.12,4.09,4.2,21770.8,217000.0,0.5099999999999998,2.0387111383265113
2025-04-16,4.33,4.31,4.3,7.5,3.77,3.91,4.29,6.62,2.3112888616734883,2.779123083986934,3346.39990234375,123.2724,32.64,4.16,4.2,21770.8,217000.0,0.52,1.9787111383265117
2025-04-17,4.33,4.32,4.31,7.5,3.81,3.95,4.34,6.83,2.3112888616734883,2.779123083986934,3328.39990234375,123.1298,29.65,4.02,4.2,21770.8,217000.0,0.5299999999999998,2.0287111383265115
2025-04-18,4.33,4.32,4.32,7.5,3.75,3.97,4.42,6.83,2.3112888616734883,2.779123083986934,3328.39990234375,122.9865,33.82,4.16,4.2,21770.8,217000.0,0.6699999999999999,2.1087111383265116
2025-04-21,4.33,4.32,4.32,7.5,3.75,3.97,4.42,6.83,2.3112888616734883,2.779123083986934,3425.300048828125,122.3145,33.82,4.16,4.2,21770.8,224000.0,0.6699999999999999,2.1087111383265116
2025-04-22,4.33,4.3,4.29,7.5,3.76,3.98,4.41,6.83,2.3112888616734883,2.779123083986934,3419.39990234375,122.4175,30.57,3.99,4.2,21770.8,224000.0,0.6500000000000004,2.098711138326512
2025-04-23,4.33,4.28,4.27,7.5,3.81,4.0,4.4,6.83,2.3112888616734883,2.779123083986934,3294.10009765625,123.0252,28.45,3.75,4.2,21770.8,224000.0,0.5900000000000003,2.088711138326512
2025-04-24,4.33,4.29,4.28,7.5,3.77,3.91,4.32,6.81,2.3112888616734883,2.779123083986934,3348.60009765625,122.9251,26.47,3.73,4.2,21770.8,224000.0,0.5500000000000003,2.008711138326512
2025-04-25,4.33,4.33,4.32,7.5,3.74,3.88,4.29,6.81,2.3112888616734883,2.779123083986934,3298.39990234375,122.8858,24.84,3.67,4.2,21770.8,224000.0,0.5499999999999998,1.9787111383265117
2025-04-28,4.33,4.36,4.35,7.5,3.67,3.81,4.23,6.81,2.3112888616734883,2.779123083986934,3347.699951171875,122.7176,25.15,3.73,4.2,21770.8,239000.0,0.5600000000000005,1.918711138326512
2025-04-29,4.33,4.36,4.35,7.5,3.65,3.77,4.19,6.81,2.3112888616734883,2.779123083986934,3333.60009765625,122.5944,24.17,3.74,4.2,21770.8,239000.0,0.5400000000000005,1.878711138326512
2025-04-30,4.33,4.41,4.37,7.5,3.6,3.72,4.17,6.81,2.3112888616734883,2.779123083986934,3319.10009765625,122.5921,24.7,3.94,4.2,21770.8,239000.0,0.5699999999999998,1.8587111383265116
2025-05-01,4.33,4.39,4.35,7.5,3.7,3.81,4.25,6.76,2.354896535474671,2.7869402973363933,3222.199951171875,123.1405,24.6,3.78,4.3,21836.1,239000.0,0.5499999999999998,1.895103464525329
2025-05-02,4.33,4.36,4.33,7.5,3.83,3.92,4.33,6.76,2.354896535474671,2.7869402973363933,3243.300048828125,122.4962,22.68,3.6,4.3,21836.1,239000.0,0.5,1.9751034645253291
2025-05-05,4.33,4.33,4.31,7.5,3.83,3.95,4.36,6.76,2.354896535474671,2.7869402973363933,3322.300048828125,122.2613,23.64,3.6,4.3,21836.1,228000.0,0.5300000000000002,2.0051034645253294
2025-05-06,4.33,4.32,4.31,7.5,3.78,3.9,4.3,6.76,2.354896535474671,2.7869402973363933,3422.800048828125,122.0417,24.76,3.66,4.3,21836.1,228000.0,0.52,1.945103464525329
2025-05-07,4.33,4.3,4.29,7.5,3.78,3.87,4.26,6.76,2.354896535474671,2.7869402973363933,3391.89990234375,122.117,23.55,3.67,4.3,21836.1,228000.0,0.48,1.9051034645253289
2025-05-08,4.33,4.29,4.28,7.5,3.9,4.0,4.37,6.76,2.354896535474671,2.7869402973363933,3306.0,122.7568,22.48,3.51,4.3,21836.1,228000.0,0.4700000000000002,2.015103464525329
2025-05-09,4.33,4.28,4.27,7.5,3.88,4.0,4.37,6.76,2.354896535474671,2.7869402973363933,3344.0,122.5191,21.9,3.53,4.3,21836.1,228000.0,0.4900000000000002,2.015103464525329
2025-05-12,4.33,4.28,4.27,7.5,3.98,4.09,4.45,6.76,2.354896535474671,2.7869402973363933,3228.0,123.4863,18.39,3.15,4.3,21836.1,226000.0,0.4700000000000002,2.0951034645253293
2025-05-13,4.33,4.3,4.29,7.5,4.02,4.12,4.49,6.76,2.354896535474671,2.7869402973363933,3247.800048828125,122.9583,18.22,3.09,4.3,21836.1,226000.0,0.47000000000000064,2.1351034645253293
2025-05-14,4.33,4.29,4.28,7.5,4.05,4.17,4.53,6.76,2.354896535474671,2.7869402973363933,3188.300048828125,122.6746,18.62,3.1,4.3,21836.1,226000.0,0.4800000000000004,2.1751034645253293
2025-05-15,4.33,4.31,4.3,7.5,3.96,4.07,4.45,6.81,2.354896535474671,2.7869402973363933,3226.60009765625,122.8174,17.83,3.2,4.3,21836.1,226000.0,0.4900000000000002,2.0951034645253293
2025-05-16,4.33,4.3,4.29,7.5,3.98,4.06,4.43,6.81,2.354896535474671,2.7869402973363933,3187.199951171875,123.0737,17.24,3.16,4.3,21836.1,226000.0,0.44999999999999973,2.075103464525329
2025-05-19,4.33,4.29,4.28,7.5,3.97,4.07,4.46,6.81,2.354896535474671,2.7869402973363933,3233.5,122.4186,18.14,3.21,4.3,21836.1,225000.0,0.48999999999999977,2.105103464525329
2025-05-20,4.33,4.27,4.26,7.5,3.97,4.07,4.48,6.81,2.354896535474671,2.7869402973363933,3284.60009765625,122.3199,18.09,3.2,4.3,21836.1,225000.0,0.5100000000000002,2.1251034645253295
2025-05-21,4.33,4.26,4.26,7.5,4.0,4.15,4.58,6.81,2.354896535474671,2.7869402973363933,3313.5,121.7496,20.87,3.25,4.3,21836.1,225000.0,0.5800000000000001,2.225103464525329
2025-05-22,4.33,4.26,4.26,7.5,4.0,4.11,4.54,6.86,2.354896535474671,2.7869402973363933,3295.0,122.0429,20.28,3.32,4.3,21836.1,225000.0,0.54,2.185103464525329
2025-05-23,4.33,4.26,4.26,7.5,4.0,4.08,4.51,6.86,2.354896535474671,2.7869402973363933,3365.800048828125,121.3837,22.29,3.4,4.3,21836.1,225000.0,0.5099999999999998,2.155103464525329
2025-05-26,4.33,4.31,4.3,7.5,3.92,4.04,4.43,6.86,2.354896535474671,2.7869402973363933,3365.800048828125,121.6099,20.57,3.4,4.3,21836.1,236000.0,0.5099999999999998,2.075103464525329
2025-05-27,4.33,4.31,4.3,7.5,3.92,4.04,4.43,6.86,2.354896535474671,2.7869402973363933,3300.39990234375,121.6099,18.96,3.24,4.3,21836.1,236000.0,0.5099999999999998,2.075103464525329
2025-05-28,4.33,4.33,4.32,7.5,3.96,4.05,4.47,6.86,2.354896535474671,2.7869402973363933,3294.89990234375,121.9888,19.31,3.23,4.3,21836.1,236000.0,0.5099999999999998,2.115103464525329
2025-05-29,4.33,4.33,4.32,7.5,3.92,4.0,4.43,6.89,2.354896535474671,2.7869402973363933,3317.10009765625,121.5617,19.18,3.22,4.3,21836.1,236000.0,0.5099999999999998,2.075103464525329
2025-05-30,4.33,4.35,4.34,7.5,3.89,3.96,4.41,6.89,2.354896535474671,2.7869402973363933,3288.89990234375,121.7674,18.57,3.31,4.3,21836.1,236000.0,0.52,2.055103464525329
2025-06-02,4.33,4.35,4.32,7.5,3.94,4.01,4.46,6.89,2.669213018222316,2.9344551618636805,3397.199951171875,121.1881,18.36,3.27,4.1,21942.6,244000.0,0.52,1.7907869817776838
2025-06-03,4.33,4.32,4.3,7.5,3.96,4.04,4.46,6.89,2.669213018222316,2.9344551618636805,3377.10009765625,121.4592,17.69,3.19,4.1,21942.6,244000.0,0.5,1.7907869817776838
2025-06-04,4.33,4.28,4.27,7.5,3.87,3.93,4.37,6.89,2.669213018222316,2.9344551618636805,3399.199951171875,121.0539,17.61,3.23,4.1,21942.6,244000.0,0.5,1.700786981777684
2025-06-05,4.33,4.29,4.27,7.5,3.92,3.99,4.4,6.85,2.669213018222316,2.9344551618636805,3375.10009765625,120.9596,18.48,3.18,4.1,21942.6,244000.0,0.4800000000000004,1.7307869817776842
2025-06-06,4.33,4.29,4.27,7.5,4.04,4.13,4.51,6.85,2.669213018222316,2.9344551618636805,3346.60009765625,121.161,16.77,3.09,4.1,21942.6,244000.0,0.46999999999999975,1.8407869817776836
2025-06-09,4.33,4.29,4.27,7.5,4.01,4.09,4.49,6.85,2.669213018222316,2.9344551618636805,3354.89990234375,120.9103,17.16,3.12,4.1,21942.6,246000.0,0.4800000000000004,1.820786981777684
2025-06-10,4.33,4.28,4.27,7.5,4.01,4.08,4.47,6.85,2.669213018222316,2.9344551618636805,3343.39990234375,121.0485,16.95,3.12,4.1,21942.6,246000.0,0.45999999999999996,1.8007869817776836
2025-06-11,4.33,4.28,4.27,7.5,3.94,4.02,4.41,6.85,2.669213018222316,2.9344551618636805,3343.699951171875,120.587,17.26,3.12,4.1,21942.6,246000.0,0.4700000000000002,1.740786981777684
2025-06-12,4.33,4.28,4.27,7.5,3.9,3.97,4.36,6.84,2.669213018222316,2.9344551618636805,3402.39990234375,120.1723,18.02,3.17,4.1,21942.6,246000.0,0.4600000000000004,1.6907869817776842
2025-06-13,4.33,4.28,4.27,7.5,3.96,4.02,4.41,6.84,2.669213018222316,2.9344551618636805,3452.800048828125,120.3245,20.82,3.18,4.1,21942.6,246000.0,0.4500000000000002,1.740786981777684
2025-06-16,4.33,4.32,4.3,7.5,3.97,4.04,4.46,6.84,2.669213018222316,2.9344551618636805,3417.300048828125,120.1565,19.11,3.1,4.1,21942.6,243000.0,0.48999999999999977,1.7907869817776838
2025-06-17,4.33,4.31,4.29,7.5,3.94,3.99,4.39,6.84,2.669213018222316,2.9344551618636805,3406.89990234375,120.5048,21.6,3.17,4.1,21942.6,243000.0,0.44999999999999973,1.7207869817776835
2025-06-18,4.33,4.28,4.27,7.5,3.94,3.98,4.38,6.81,2.669213018222316,2.9344551618636805,3408.10009765625,120.7305,20.14,3.16,4.1,21942.6,243000.0,0.43999999999999995,1.7107869817776837
2025-06-19,4.33,4.29,4.27,7.5,3.9,3.96,4.38,6.81,2.669213018222316,2.9344551618636805,3408.10009765625,121.0408,22.17,3.16,4.1,21942.6,243000.0,0.48,1.7107869817776837
2025-06-20,4.33,4.29,4.27,7.5,3.9,3.96,4.38,6.81,2.669213018222316,2.9344551618636805,3385.699951171875,121.0408,20.62,3.13,4.1,21942.6,243000.0,0.48,1.7107869817776837
2025-06-23,4.33,4.29,4.27,7.5,3.84,3.91,4.34,6.81,2.669213018222316,2.9344551618636805,3395.0,121.1694,19.83,3.12,4.1,21942.6,236000.0,0.5,1.6707869817776837
2025-06-24,4.33,4.3,4.28,7.5,3.75,3.86,4.3,6.81,2.669213018222316,2.9344551618636805,3333.89990234375,120.3645,17.48,3.06,4.1,21942.6,236000.0,0.5499999999999998,1.6307869817776837
2025-06-25,4.33,4.36,4.33,7.5,3.74,3.83,4.29,6.81,2.669213018222316,2.9344551618636805,3343.10009765625,120.3336,16.76,3.04,4.1,21942.6,236000.0,0.5499999999999998,1.6207869817776839
2025-06-26,4.33,4.4,4.38,7.5,3.7,3.79,4.26,6.77,2.669213018222316,2.9344551618636805,3348.0,119.6451,16.59,3.04,4.1,21942.6,236000.0,0.5599999999999996,1.5907869817776836
2025-06-27,4.33,4.39,4.37,7.5,3.73,3.83,4.29,6.77,2.669213018222316,2.9344551618636805,3287.60009765625,119.659,16.32,3.02,4.1,21942.6,236000.0,0.56,1.6207869817776839
2025-06-30,4.33,4.45,4.39,7.5,3.72,3.79,4.24,6.77,2.669213018222316,2.9344551618636805,3307.699951171875,119.4088,16.73,2.96,4.1,21942.6,231000.0,0.52,1.570786981777684
2025-07-01,4.33,4.44,4.39,7.5,3.78,3.84,4.26,6.77,2.7049023971513986,3.059389625768305,3349.800048828125,119.3436,16.83,2.91,4.3,22025.5,231000.0,0.48,1.5550976028486012
2025-07-02,4.33,4.4,4.37,7.5,3.78,3.87,4.3,6.77,2.7049023971513986,3.059389625768305,3359.699951171875,119.3037,16.64,2.88,4.3,22025.5,231000.0,0.52,1.5950976028486012
2025-07-03,4.33,4.35,4.32,7.5,3.88,3.94,4.35,6.67,2.7049023971513986,3.059389625768305,3342.89990234375,119.2382,16.38,2.8,4.3,22025.5,231000.0,0.46999999999999975,1.645097602848601
2025-07-04,4.33,4.33,4.31,7.5,3.9,3.96,4.4,6.67,2.7049023971513986,3.059389625768305,3346.5,119.6201,17.48,2.8,4.3,22025.5,231000.0,0.5000000000000004,1.6950976028486018
2025-07-07,4.33,4.33,4.31,7.5,3.9,3.96,4.4,6.67,2.7049023971513986,3.059389625768305,3342.800048828125,119.6201,17.79,2.86,4.3,22025.5,228000.0,0.5000000000000004,1.6950976028486018
2025-07-08,4.33,4.34,4.32,7.5,3.9,3.99,4.42,6.67,2.7049023971513986,3.059389625768305,3316.89990234375,119.8371,16.81,2.92,4.3,22025.5,228000.0,0.52,1.7150976028486014
2025-07-09,4.33,4.32,4.31,7.5,3.86,3.92,4.34,6.67,2.7049023971513986,3.059389625768305,3321.0,119.7311,15.94,2.94,4.3,22025.5,228000.0,0.48,1.6350976028486013
2025-07-10,4.33,4.31,4.3,7.5,3.86,3.93,4.35,6.72,2.7049023971513986,3.059389625768305,3325.699951171875,119.8343,15.78,2.92,4.3,22025.5,228000.0,0.48999999999999977,1.645097602848601
2025-07-11,4.33,4.31,4.3,7.5,3.9,3.99,4.43,6.72,2.7049023971513986,3.059389625768305,3364.0,119.9214,16.4,2.97,4.3,22025.5,228000.0,0.5299999999999998,1.7250976028486011
2025-07-14,4.33,4.33,4.32,7.5,3.9,3.98,4.43,6.72,2.7049023971513986,3.059389625768305,3359.10009765625,120.2209,17.2,2.95,4.3,22025.5,221000.0,0.5299999999999998,1.7250976028486011
2025-07-15,4.33,4.37,4.36,7.5,3.95,4.05,4.5,6.72,2.7049023971513986,3.059389625768305,3336.699951171875,120.5105,17.38,2.95,4.3,22025.5,221000.0,0.5499999999999998,1.7950976028486014
2025-07-16,4.33,4.34,4.33,7.5,3.88,3.99,4.46,6.72,2.7049023971513986,3.059389625768305,3359.10009765625,120.4175,17.16,3.0,4.3,22025.5,221000.0,0.5800000000000001,1.7550976028486014
2025-07-17,4.33,4.34,4.33,7.5,3.91,4.01,4.47,6.75,2.7049023971513986,3.059389625768305,3345.300048828125,120.6384,16.52,2.91,4.3,22025.5,221000.0,0.5599999999999996,1.7650976028486012
2025-07-18,4.33,4.3,4.29,7.5,3.88,3.96,4.44,6.75,2.7049023971513986,3.059389625768305,3358.300048828125,120.356,16.41,2.93,4.3,22025.5,221000.0,0.5600000000000005,1.7350976028486018
2025-07-21,4.33,4.28,4.27,7.5,3.85,3.91,4.38,6.75,2.7049023971513986,3.059389625768305,3406.39990234375,119.9961,16.65,2.89,4.3,22025.5,218000.0,0.5299999999999998,1.6750976028486013
2025-07-22,4.33,4.28,4.27,7.5,3.83,3.88,4.35,6.75,2.7049023971513986,3.059389625768305,3443.699951171875,119.681,16.5,2.9,4.3,22025.5,218000.0,0.5199999999999996,1.645097602848601
2025-07-23,4.33,4.28,4.27,7.5,3.88,3.94,4.4,6.75,2.7049023971513986,3.059389625768305,3397.60009765625,119.5697,15.37,2.83,4.3,22025.5,218000.0,0.5200000000000005,1.6950976028486018
2025-07-24,4.33,4.3,4.29,7.5,3.91,3.98,4.43,6.74,2.7049023971513986,3.059389625768305,3373.5,119.5664,15.39,2.82,4.3,22025.5,218000.0,0.5199999999999996,1.7250976028486011
2025-07-25,4.33,4.36,4.35,7.5,3.91,3.95,4.4,6.74,2.7049023971513986,3.059389625768305,3335.60009765625,119.9857,14.93,2.84,4.3,22025.5,218000.0,0.4900000000000002,1.6950976028486018
2025-07-28,4.33,4.36,4.35,7.5,3.91,3.96,4.42,6.74,2.7049023971513986,3.059389625768305,3310.0,120.6149,15.03,2.82,4.3,22025.5,219000.0,0.5099999999999998,1.7150976028486014
2025-07-29,4.33,4.36,4.34,7.5,3.86,3.9,4.34,6.74,2.7049023971513986,3.059389625768305,3324.0,120.9674,15.98,2.86,4.3,22025.5,219000.0,0.48,1.6350976028486013
2025-07-30,4.33,4.32,4.31,7.5,3.94,3.96,4.38,6.74,2.7049023971513986,3.059389625768305,3295.800048828125,121.4042,15.48,2.89,4.3,22025.5,219000.0,0.43999999999999995,1.6750976028486013
2025-07-31,4.33,4.39,4.36,7.5,3.94,3.96,4.37,6.72,2.7049023971513986,3.059389625768305,3293.199951171875,121.721,16.72,2.86,4.3,22025.5,219000.0,0.43000000000000016,1.6650976028486015
2025-08-01,4.33,4.34,4.32,7.5,3.69,3.77,4.23,6.72,2.9161742842984006,3.1101472734261115,3399.800048828125,121.2122,20.38,3.13,4.3,22092.6,219000.0,0.5400000000000005,1.3138257157015998
2025-08-04,4.33,4.33,4.31,7.5,3.69,3.75,4.22,6.72,2.9161742842984006,3.1101472734261115,3426.39990234375,120.9859,17.52,3.02,4.3,22092.6,226000.0,0.5299999999999998,1.303825715701599
2025-08-05,4.33,4.34,4.33,7.5,3.72,3.77,4.22,6.72,2.9161742842984006,3.1101472734261115,3434.699951171875,120.9082,17.85,2.98,4.3,22092.6,226000.0,0.49999999999999956,1.303825715701599
2025-08-06,4.33,4.34,4.32,7.5,3.69,3.77,4.22,6.72,2.9161742842984006,3.1101472734261115,3433.39990234375,120.5082,16.77,2.98,4.3,22092.6,226000.0,0.5299999999999998,1.303825715701599
2025-08-07,4.33,4.35,4.33,7.5,3.72,3.79,4.23,6.63,2.9161742842984006,3.1101472734261115,3453.699951171875,120.5043,16.57,2.95,4.3,22092.6,226000.0,0.5100000000000002,1.3138257157015998
2025-08-08,4.33,4.35,4.33,7.5,3.76,3.84,4.27,6.63,2.9161742842984006,3.1101472734261115,3491.300048828125,120.3329,15.15,2.94,4.3,22092.6,226000.0,0.5099999999999998,1.353825715701599
2025-08-11,4.33,4.34,4.33,7.5,3.76,3.83,4.27,6.63,2.9161742842984006,3.1101472734261115,3404.699951171875,120.6892,16.25,2.94,4.3,22092.6,224000.0,0.5099999999999998,1.353825715701599
2025-08-12,4.33,4.36,4.34,7.5,3.72,3.83,4.29,6.63,2.9161742842984006,3.1101472734261115,3399.0,120.2736,14.73,2.93,4.3,22092.6,224000.0,0.5699999999999998,1.3738257157015994
2025-08-13,4.33,4.33,4.32,7.5,3.67,3.77,4.24,6.63,2.9161742842984006,3.1101472734261115,3408.300048828125,120.13,14.49,2.9,4.3,22092.6,224000.0,0.5700000000000003,1.3238257157015996
2025-08-14,4.33,4.34,4.32,7.5,3.74,3.82,4.29,6.58,2.9161742842984006,3.1101472734261115,3383.199951171875,120.6446,14.83,2.89,4.3,22092.6,224000.0,0.5499999999999998,1.3738257157015994
2025-08-15,4.33,4.36,4.34,7.5,3.75,3.85,4.33,6.58,2.9161742842984006,3.1101472734261115,3382.60009765625,120.3377,15.09,2.88,4.3,22092.6,224000.0,0.5800000000000001,1.4138257157015994
2025-08-18,4.33,4.34,4.33,7.5,3.77,3.86,4.34,6.58,2.9161742842984006,3.1101472734261115,3378.0,120.5622,14.99,2.88,4.3,22092.6,233000.0,0.5699999999999998,1.4238257157015992
2025-08-19,4.33,4.33,4.31,7.5,3.75,3.82,4.3,6.58,2.9161742842984006,3.1101472734261115,3358.699951171875,120.7224,15.57,2.9,4.3,22092.6,233000.0,0.5499999999999998,1.3838257157015992
2025-08-20,4.33,4.31,4.3,7.5,3.74,3.81,4.29,6.58,2.9161742842984006,3.1101472734261115,3388.5,120.7757,15.69,2.94,4.3,22092.6,233000.0,0.5499999999999998,1.3738257157015994
2025-08-21,4.33,4.32,4.31,7.5,3.79,3.86,4.33,6.58,2.9161742842984006,3.1101472734261115,3381.60009765625,121.0843,16.6,2.95,4.3,22092.6,233000.0,0.54,1.4138257157015994
2025-08-22,4.33,4.36,4.35,7.5,3.68,3.76,4.26,6.58,2.9161742842984006,3.1101472734261115,3418.5,120.2774,14.22,2.88,4.3,22092.6,233000.0,0.5799999999999996,1.3438257157015991
2025-08-25,4.33,4.37,4.35,7.5,3.73,3.8,4.28,6.58,2.9161742842984006,3.1101472734261115,3417.5,120.4214,14.79,2.8,4.3,22092.6,229000.0,0.5500000000000003,1.3638257157015996
2025-08-26,4.33,4.38,4.37,7.5,3.61,3.75,4.26,6.58,2.9161742842984006,3.1101472734261115,3433.0,120.5274,14.62,2.78,4.3,22092.6,229000.0,0.6499999999999999,1.3438257157015991
2025-08-27,4.33,4.36,4.35,7.5,3.59,3.69,4.24,6.58,2.9161742842984006,3.1101472734261115,3448.60009765625,120.7274,14.85,2.78,4.3,22092.6,229000.0,0.6500000000000004,1.3238257157015996
2025-08-28,4.33,4.34,4.33,7.5,3.62,3.69,4.22,6.56,2.9161742842984006,3.1101472734261115,3474.300048828125,120.2595,14.43,2.75,4.3,22092.6,229000.0,0.5999999999999996,1.303825715701599
2025-08-29,4.33,4.34,4.33,7.5,3.59,3.68,4.23,6.56,2.9161742842984006,3.1101472734261115,3516.10009765625,120.2082,15.36,2.82,4.3,22092.6,229000.0,0.6400000000000006,1.3138257157015998
2025-09-01,4.22,4.39,4.36,7.5,3.66,3.74,4.28,6.56,3.0126767755256134,3.0192240018186878,3516.10009765625,120.6837,16.12,2.84,4.4,22176.1,236000.0,0.6200000000000001,1.2673232244743868
2025-09-02,4.22,4.39,4.36,7.5,3.66,3.74,4.28,6.56,3.0126767755256134,3.0192240018186878,3592.199951171875,120.6837,17.17,2.92,4.4,22176.1,236000.0,0.6200000000000001,1.2673232244743868
2025-09-03,4.22,4.39,4.36,7.5,3.61,3.69,4.22,6.56,3.0126767755256134,3.0192240018186878,3635.5,120.5052,16.35,2.88,4.4,22176.1,236000.0,0.6099999999999999,1.2073232244743863
2025-09-04,4.22,4.41,4.38,7.5,3.59,3.65,4.17,6.5,3.0126767755256134,3.0192240018186878,3606.699951171875,120.7629,15.3,2.84,4.4,22176.1,236000.0,0.5800000000000001,1.1573232244743865
2025-09-05,4.22,4.42,4.4,7.5,3.51,3.59,4.1,6.5,3.0126767755256134,3.0192240018186878,3653.300048828125,120.1282,15.18,2.83,4.4,22176.1,236000.0,0.5899999999999999,1.0873232244743862
2025-09-08,4.22,4.4,4.39,7.5,3.49,3.57,4.05,6.5,3.0126767755256134,3.0192240018186878,3677.39990234375,120.0971,15.11,2.84,4.4,22176.1,259000.0,0.5599999999999996,1.0373232244743864
2025-09-09,4.22,4.4,4.38,7.5,3.54,3.61,4.08,6.5,3.0126767755256134,3.0192240018186878,3682.199951171875,120.1569,15.04,2.87,4.4,22176.1,259000.0,0.54,1.0673232244743867
2025-09-10,4.22,4.39,4.37,7.5,3.54,3.59,4.04,6.5,3.0126767755256134,3.0192240018186878,3682.0,120.1223,15.35,2.84,4.4,22176.1,259000.0,0.5,1.0273232244743866
2025-09-11,4.22,4.41,4.38,7.5,3.52,3.59,4.01,6.35,3.0126767755256134,3.0192240018186878,3673.60009765625,119.9534,14.71,2.78,4.4,22176.1,259000.0,0.48999999999999977,0.9973232244743864
2025-09-12,4.22,4.42,4.4,7.5,3.56,3.63,4.06,6.35,3.0126767755256134,3.0192240018186878,3686.39990234375,120.0611,14.76,2.79,4.4,22176.1,259000.0,0.49999999999999956,1.0473232244743862
2025-09-15,4.22,4.51,4.5,7.5,3.54,3.61,4.05,6.35,3.0126767755256134,3.0192240018186878,3719.0,119.5644,15.69,2.75,4.4,22176.1,233000.0,0.5099999999999998,1.0373232244743864
