Country,Country_Code,2016,2017,2018,2019,2020,2021,2022,2023,2024,2025,2026,Source,Data_Quality
United States,USA,146.3,164.9,148.3,158.6,194.9,195.3,142.2,152.1,216.3,224.0,235.5,World Bank/FRED/MacroMicro,High
United Kingdom,GBR,72.5,75.2,70.8,73.4,78.9,77.8,71.2,69.6,82.7,97.6,96.3,World Bank/FRED/MacroMicro,High
Canada,CAN,115.8,122.1,108.5,115.9,124.5,128.7,114.5,120.3,150.4,193.2,,World Bank/FRED/MacroMicro,High
Australia,AUS,79.2,82.5,75.3,78.8,85.3,96.4,89.2,99.8,98.9,114.9,,World Bank/FRED/MacroMicro,High
India,IND,68.4,72.1,65.2,70.5,72.4,89.2,78.5,96.7,131.2,137.8,123.6,World Bank/FRED/MacroMicro,High
China,CHN,40.5,42.8,39.2,43.1,45.2,48.5,42.1,46.8,62.7,77.1,,World Bank/FRED/MacroMicro,High
Japan,JPN,105.2,112.4,103.1,108.7,115.8,125.4,110.2,118.5,156.7,179.0,201.0,World Bank/FRED/MacroMicro,High
Germany,DEU,56.8,58.9,54.2,57.5,62.4,65.8,58.6,62.1,43.6,54.5,57.5,World Bank/FRED/MacroMicro,High
France,FRA,62.3,64.8,58.9,61.2,71.2,78.1,65.4,72.3,107.0,107.0,,World Bank/FRED/MacroMicro,High
South Korea,KOR,85.3,88.7,80.1,85.4,98.5,102.1,92.3,96.8,83.1,221.2,221.2,World Bank/FRED/MacroMicro,High
Brazil,BRA,54.2,57.1,52.3,56.8,62.3,68.5,58.7,65.2,34.7,,,World Bank/FRED/MacroMicro,High
Turkey,TUR,38.5,42.1,35.6,40.2,43.2,38.6,31.2,37.1,30.1,,,World Bank/FRED/MacroMicro,High
Greece,GRC,15.2,17.8,16.5,18.9,18.5,22.3,28.4,38.9,32.5,58.9,,World Bank/FRED/MacroMicro,High
Belgium,BEL,84.3,87.5,81.2,85.6,92.1,98.7,88.5,96.3,117.4,117.4,,World Bank/FRED/MacroMicro,High
Portugal,PRT,28.9,31.2,27.4,29.8,32.4,34.9,31.1,35.7,28.8,,,World Bank/FRED/MacroMicro,High
