Country,Country_Code,GDP_2024_USD_T,Rank_by_GDP,2016,2017,2018,2019,2020,2021,2022,2023,2024,2025,2026,Source,Data_Quality
United States,USA,29.17,1,146.3,164.9,148.3,158.6,194.9,195.3,142.2,152.1,216.3,224.0,235.5,World Bank/CEIC,High
China,CHN,18.27,2,40.5,42.8,39.2,43.1,45.2,48.5,42.1,46.8,62.7,77.1,,World Bank/CEIC,High
Germany,DEU,4.71,3,56.8,58.9,54.2,57.5,62.4,65.8,58.6,62.1,43.6,54.5,57.5,World Bank/CEIC,High
Japan,JPN,4.07,4,105.2,112.4,103.1,108.7,115.8,125.4,110.2,118.5,156.7,179.0,201.0,World Bank/CEIC,High
India,IND,3.89,5,68.4,72.1,65.2,70.5,72.4,89.2,78.5,96.7,131.2,137.8,123.6,World Bank/CEIC,High
United Kingdom,GBR,3.59,6,72.5,75.2,70.8,73.4,78.9,77.8,71.2,69.6,82.7,97.6,96.3,World Bank/CEIC,High
France,FRA,3.17,7,62.3,64.8,58.9,61.2,71.2,78.1,65.4,72.3,107.0,107.0,,World Bank/CEIC,High
Brazil,BRA,2.33,8,54.2,57.1,52.3,56.8,62.3,68.5,58.7,65.2,34.7,,,World Bank/CEIC,High
Italy,ITA,2.33,9,37.5,39.2,35.8,38.1,41.2,45.3,38.9,42.1,38.5,42.3,,World Bank/CEIC,High
Canada,CAN,2.24,10,115.8,122.1,108.5,115.9,124.5,128.7,114.5,120.3,150.4,193.2,,World Bank/CEIC,High
Russia,RUS,2.18,11,35.2,38.1,32.5,36.8,38.5,42.1,28.4,31.2,29.1,31.5,,World Bank/CEIC,High
